{
  "version": "v8",
  "runtime_seconds": 913.49,
  "data": {
    "train_rows": 221,
    "test_rows": 95,
    "features_before_selection": 114,
    "features_after_selection": 75
  },
  "models": {
    "IPCW-LGBM": {
      "cv_h": 0.972540687405908,
      "params": {
        "n_estimators": 175,
        "learning_rate": 0.04954473403191454,
        "max_depth": 4,
        "num_leaves": 57,
        "min_child_samples": 39,
        "subsample": 0.9085959181017089,
        "colsample_bytree": 0.9635696525419738,
        "reg_lambda": 0.2408250291090934,
        "reg_alpha": 0.020776157840173823
      }
    },
    "IPCW-XGB": {
      "cv_h": 0.9649093449337535,
      "params": {
        "n_estimators": 113,
        "learning_rate": 0.0690618888198651,
        "max_depth": 3,
        "min_child_weight": 1,
        "subsample": 0.6815428274301011,
        "colsample_bytree": 0.5492710766495046,
        "reg_lambda": 0.265719375086216,
        "reg_alpha": 0.004317050492358377,
        "gamma": 1.4235036472854614
      }
    },
    "IPCW-CB": {
      "cv_h": 0.9690357570668237,
      "params": {
        "iterations": 255,
        "learning_rate": 0.07107506778840124,
        "depth": 3,
        "l2_leaf_reg": 27.2299972426205,
        "subsample": 0.7336414549697985,
        "colsample_bylevel": 0.523728146902451,
        "min_data_in_leaf": 39
      }
    },
    "GBSA": {
      "cv_h": 0.9685887535635068,
      "params": {
        "n_estimators": 544,
        "learning_rate": 0.07453676610268802,
        "max_depth": 2,
        "subsample": 0.9279345358418145,
        "min_samples_leaf": 6
      }
    },
    "RSF": {
      "cv_h": 0.9705469630749135,
      "params": {
        "n_estimators": 514,
        "max_depth": 11,
        "min_samples_leaf": 4,
        "max_features": 0.503230345859927
      }
    }
  },
  "blend_weights": {
    "IPCW-LGBM": 0.881925104713142,
    "IPCW-XGB": 0.0275229359179918,
    "IPCW-CB": 0.0275229359179918,
    "GBSA": 0.0275229359179918,
    "RSF": 0.035506087532882584
  },
  "blend_cv": {
    "mean_h": 0.9733673410681822,
    "std_h": 0.012823727703028358,
    "mean_c": 0.9543316415637909,
    "mean_wb": 0.018474502001364305
  },
  "stacking": {
    "cv_h": 0.9699228056470954,
    "cv_c": 0.9507423973447666,
    "cv_wb": 0.02185701936619221,
    "best_C": 0.5,
    "use_key_feats": false
  },
  "calibration": {
    "chosen": "power",
    "scores": {
      "none": 0.9733673410681822,
      "clipped": 0.9733673410681822,
      "power": 0.9736066366707427,
      "isotonic": 0.9692203257689498,
      "platt": 0.9692149096425405
    }
  },
  "selected_features": [
    "dist_min_ci_0_5h",
    "area_first_ha",
    "risk_area_dist",
    "hr_sin",
    "perim_dens",
    "inv_dist",
    "event_start_hour",
    "deficit_24",
    "hr_cos",
    "event_start_dayofweek",
    "log_dist",
    "event_start_month",
    "dt_first_last_0_5h",
    "is_close_5km",
    "log1p_area_first",
    "deficit_48",
    "sqrt_dist",
    "mo_sin",
    "inv_dist_sq",
    "alignment_cos"
  ],
  "output_files": [
    "submission.csv",
    "submission_blend.csv",
    "submission_equal.csv",
    "submission_lgbm.csv",
    "submission_xgb.csv",
    "submission_stack.csv",
    "submission_blend_stack.csv"
  ]
}